id,date,title,first-para,url,image-url
1,2020-02-28,"Coronavirus: First case of virus in New Zealand","The first case of coronavirus has been confirmed in New Zealand. Authorities are now scrambling to track down people who may have come into contact with the patient.",https://www.stuff.co.nz/national/health/119899280/ministry-of-health-gives-latest-update-on-novel-coronavirus,https://resources.stuff.co.nz/content/dam/images/1/z/e/4/7/1/image.related.StuffLandscapeSixteenByNine.1240x700.1zduvk.png/1583816642239.jpg,New Zealand,Health
2,2020-02-29,"Covid 19 coronavirus: US deaths double in two days, Trump says quarantine not necessary","US President Trump tweeted on Saturday night (US time) that he has asked the Centres for Disease Control and Prevention to issue a ""strong Travel Advisory"" but that a quarantine on the New York region"" will not be necessary.",https://www.nzherald.co.nz/world/news/article.cfm?c_id=2&objectid=12320699,https://www.nzherald.co.nz/resizer/159Vi4ELuH2fpLrv1SCwYLulzoM=/620x349/smart/filters:quality(70)/arc-anglerfish-syd-prod-nzme.s3.amazonaws.com/public/XQOAY2IY6ZEIZNSW2E3UMG2M4U.jpg,World,Health,Politics
3,2020-03-01,"Coronavirus: Jacinda Ardern urges calm as panicked shoppers empty supermarket shelves","Panicked shoppers have forced the closure of a major food wholesaler on Saturday and today despite the Prime Minister urging New Zealanders to go about their daily lives after the country's first case of coronavirus.",https://www.nzherald.co.nz/nz/news/article.cfm?c_id=1&objectid=12312828,https://www.nzherald.co.nz/resizer/a4dMTf6fa7YCyNeEwMfQtOAXjtg=/620x465/smart/filters:quality(70)/arc-anglerfish-syd-prod-nzme.s3.amazonaws.com/public/HRAN2BJGAJCXBCZHLR4FCH6N54.jpg,New Zealand
4,2020-03-01,"Coronavirus: Rest homes and retirement villages plead for national aged care response plan","The aged care sector is urgently asking health authorities to coordinate a national response to the coronavirus threat.",https://www.nzherald.co.nz/nz/news/article.cfm?c_id=1&objectid=12313398,https://www.nzherald.co.nz/resizer/6Nn7A2Yb4d_czHwT_bPQJaSuskk=/620x349/smart/filters:quality(70)/arc-anglerfish-syd-prod-nzme.s3.amazonaws.com/public/X46IV6IWXRC45PQBIJX6XPXHQM.jpg,New Zealand
5,2020-03-01,"Australia's first coronavirus fatality as man dies in Perth","Australia has recorded its first coronavirus fatality as a man confirmed as Covid-19 positive has died in a Perth hospital.",https://www.nzherald.co.nz/world/news/article.cfm?c_id=2&objectid=12312930,https://www.nzherald.co.nz/resizer/qE6YnyALuF6GXcNjZ2otYGd6pok=/620x349/smart/filters:quality(70)/arc-anglerfish-syd-prod-nzme.s3.amazonaws.com/public/CDPYFYYKVFAODEQ6VGVBGDWAWI.jpg,World
6,2020-03-05,"Coronavirus: Death confirmed as six more test positive in NSW","A 95-year-old woman has become the second person to die from the coronavirus in Australia, with six more cases confirmed in New South Wales on Wednesday.",https://www.nzherald.co.nz/world/news/article.cfm?c_id=2&objectid=12313953,https://www.nzherald.co.nz/resizer/2wYowo8jT6As_KXLHca3qYdOhTA=/620x349/smart/filters:quality(70)/arc-anglerfish-syd-prod-nzme.s3.amazonaws.com/public/SQWGHR7XTRF2BH7RAYQNXTQQPA.jpg,World
7,2020-03-09,"Second US coronavirus cruise tests negative amid delays and cancellations","It was revealed a second cruise ship was being tested for Covid-19 in California at the same time as quarantine measures were put in place on the Grand Princess cruise ship.",https://www.nzherald.co.nz/travel/news/article.cfm?c_id=7&objectid=12315024,https://www.nzherald.co.nz/resizer/ix7hy3lzkMWUkD8hE6kdZ-8oaOM=/620x349/smart/filters:quality(70)/arc-anglerfish-syd-prod-nzme.s3.amazonaws.com/public/7VFOBLCBCNDHLICBY3CTPFR2L4.jpg,Travel
8,2020-03-10,"Coronavirus: Russell Brand cancels sold-out show in Australia","UK comic Russell Brand has cancelled a sold-out Australian show over coronavirus contamination fears.",https://www.nzherald.co.nz/entertainment/news/article.cfm?c_id=1501119&objectid=12315278,https://www.nzherald.co.nz/resizer/1w20Iu9tO18vsEbEzrGvr-ZKmec=/620x349/smart/filters:quality(70)/arc-anglerfish-syd-prod-nzme.s3.amazonaws.com/public/ZHSKWDSYRVEFDOLNGVOJYQ52TY.jpg,Entertainment
9,2020-03-11,"Coachella officially postponed: Coronavirus delays festival until October","It's official - one of the most popular music festivals in the world,Coachella,has been postponed until October.",https://www.nzherald.co.nz/entertainment/news/article.cfm?c_id=1501119&objectid=12315761,https://www.nzherald.co.nz/resizer/G67idjvKWsx_UCMt4zxCnTFTDoE=/620x349/smart/filters:quality(70)/arc-anglerfish-syd-prod-nzme.s3.amazonaws.com/public/N7XCN4Z7YVH6DBCADTKHN3FMEY.jpg,Entertainment
10,2020-03-12,"Coronavirus: What's the difference between a pandemic,an epidemic and an outbreak?","The coronavirus is on everyone's minds. As an epidemiologist,I find it interesting to hear people using technical terms – like quarantine or super spreader or reproductive number – that my colleagues and I use in our work every day.",https://www.nzherald.co.nz/world/news/article.cfm?c_id=2&objectid=12315928,https://www.nzherald.co.nz/resizer/QK6bYsCiYjMaPVg5PAWR1hIeeJk=/620x349/smart/filters:quality(70)/arc-anglerfish-syd-prod-nzme.s3.amazonaws.com/public/RXQ5WHIMABBOHBR5ILA3OPP4Y4.jpg,World
11,2020-03-12,"Coronavirus: Jacinda Ardern expects further 'tough' travel restrictions in NZ","New Zealand has had some of the toughest border restrictions in the world to stop the spread of coronavirus - and it plans to move further very shortly,Prime Minister Jacinda Ardern says.",https://www.nzherald.co.nz/nz/news/article.cfm?c_id=1&objectid=12316179,https://www.nzherald.co.nz/resizer/JjANU5oEFngjICBVTYmtU-x7JXE=/620x349/smart/filters:quality(70)/arc-anglerfish-syd-prod-nzme.s3.amazonaws.com/public/WDITOPHN7JGDXG25UXFIA67ZEI.jpg,New Zealand
12,2020-03-13,"Coronavirus: NZ First's Tracey Martin was with infected Australian MP Peter Dutton a week ago","NZ First's Tracey Martin is in self-isolation and will be tested for coronavirus today after a meeting with Australian Government Minister,Peter Dutton,who has tested positive for the disease.",https://www.nzherald.co.nz/world/news/article.cfm?c_id=2&objectid=12316611,https://www.nzherald.co.nz/resizer/fSNFIf01mqiaGnx67SxxkEcq6QY=/620x408/smart/filters:quality(70)/arc-anglerfish-syd-prod-nzme.s3.amazonaws.com/public/IFXOC4EFQBBCRAOGIZ4R325LT4.jpg,World
13,2020-03-13,"Coronavirus: Canadian prime minister Justin Trudeau's wife tests positive for virus","Canadian Prime Minister Justin Trudeau's wife has tested positive for the new coronavirus,his office announced Thursday night.",https://www.nzherald.co.nz/world/news/article.cfm?c_id=2&objectid=12316528,https://th.bing.com/th/id/OIP.0lCxLKfDnOyswQCF9rcv7AHaCz?w=344&h=132&c=7&o=5&pid=1.7,World
14,2020-03-15,"Coronavirus: People are sharing their playlists on Spotify to help get through the pandemic quarantine","Music fans and coronavirus victims have taken to Twitter to share their 'pandemic playlists' via Spotify.",https://www.nzherald.co.nz/entertainment/news/article.cfm?c_id=1501119&objectid=12316749,https://www.nzherald.co.nz/resizer/jTNgE48JUCXyY4ibPH0DW-GiDN0=/620x953/smart/filters:quality(70)/arc-anglerfish-syd-prod-nzme.s3.amazonaws.com/public/FKHFIKIJXJHKXAY4O23PJ5GFVU.jpg,Entertainment
15,2020-03-15,"Coronavirus: Portugal gives nationwide standing ovation to healthcare professionals","What started as an idea on social media has turned into a daily nationwide tribute to the healthcare professionals working tirelessly to help a nation fighting coronavirus.",https://www.nzherald.co.nz/world/news/article.cfm?c_id=2&objectid=12316823,https://th.bing.com/th/id/OIP.0lCxLKfDnOyswQCF9rcv7AHaCz?w=344&h=132&c=7&o=5&pid=1.7,World
16,2020-03-15,"Coronavirus: Most overseas arrivals still not getting health checks","Most overseas arrivals at Auckland Airport were still walking into New Zealand with no health checks on Sunday,despite new rules which Prime Minister Jacinda Ardern described as ""the toughest border restrictions of any country in the world"".",https://www.nzherald.co.nz/nz/news/article.cfm?c_id=1&objectid=12316866,https://www.nzherald.co.nz/resizer/Qpx2kD8MMTBlbXQcEANvv5cFJX4=/620x465/smart/filters:quality(70)/arc-anglerfish-syd-prod-nzme.s3.amazonaws.com/public/QYHM77KSRNDBRNFT2MQX7U4KVI.jpg,New Zealand
17,2020-03-15,"Coronavirus: Kiwi traveller stunned at lack of health checks at New Zealand airports","A Kiwi traveller was left stunned after claiming Auckland Airport hadn't run any health checks on passengers arriving back from Hong Kong this morning.",https://www.nzherald.co.nz/nz/news/article.cfm?c_id=1&objectid=12316804,https://www.nzherald.co.nz/resizer/oBCUxopVcqIj05yYf8vJJE1ulLg=/620x311/smart/filters:quality(70)/arc-anglerfish-syd-prod-nzme.s3.amazonaws.com/public/DWJJ5NAMJFCZ5JZMGAKUNGCHCY.jpg,New Zealand
18,2020-03-15,"Coronavirus travel restrictions: Self-isolation deadline pushed back to give airlines breathing room","The self-isolation deadline has been pushed back to give airlines a bit of breathing room.",https://www.nzherald.co.nz/business/news/article.cfm?c_id=3&objectid=12316800,https://www.nzherald.co.nz/resizer/UD9m7NsA4c_XpnVKbMHw5tWlJhs=/620x465/smart/filters:quality(70)/arc-anglerfish-syd-prod-nzme.s3.amazonaws.com/public/56OCXXZRGRCHZOFRTATQZOL23M.jpg,Business,New Zealand
19,2020-03-16,"Coronavirus: Airlines offer free cancellations as outbreak worsens","Airlines are offering flexible options and free cancellations to passengers spooked by the worsening Covid-19 pandemic.",https://www.nzherald.co.nz/nz/news/article.cfm?c_id=1&objectid=12317198,https://th.bing.com/th/id/OIP.0lCxLKfDnOyswQCF9rcv7AHaCz?w=344&h=132&c=7&o=5&pid=1.7,New Zealand
20,2020-03-17,"Coronavirus: Royal Easter Show, Book of Mormon, Te Papa tours cancelled","The 2020 A&P and Royal Easter Show is the latest to be cancelled amid the ongoing Covid-19 pandemic.",https://www.nzherald.co.nz/entertainment/news/article.cfm?c_id=1501119&objectid=12317407,https://pbs.twimg.com/media/ETRpUv7U8AAhYv7?format=jpg&name=medium,Entertainment
21,2020-03-17,"The Conversation: Coronavirus looks less deadly than first reported, but it's definitely not 'just a flu',"The avalanche of coronavirus infections in the current pandemic has been accompanied by a similar avalanche of information, making it hard to sift reliable news from the noise.",https://www.nzherald.co.nz/world/news/article.cfm?c_id=2&objectid=12317568,https://www.nzherald.co.nz/resizer/iuSxzOkmWZcmOIR9ZWDNAfeimUc=/620x349/smart/filters:quality(70)/arc-anglerfish-syd-prod-nzme.s3.amazonaws.com/public/OYNRNQD5DFBCHKSZ2ADA4753LM.jpg,World
22,2020-03-18,"Coronavirus: Self-isolation now a legal condition for foreigners entering New Zealand","International travellers coming into New Zealand now have to sign a declaration saying they will self-isolate for 14 days or be turned away at the border.",https://www.nzherald.co.nz/nz/news/article.cfm?c_id=1&objectid=12317856, https://www.nzherald.co.nz/resizer/lD-Vg-yycmljCmNW5j9NIvJSG4M=/620x349/smart/filters:quality(70)/arc-anglerfish-syd-prod-nzme.s3.amazonaws.com/public/NC6BVRTHU5FETL5PPU6DA3CONQ.jpg,New Zealand
23,2020-03-18,"Coronavirus in NZ: Seven Sharp's Jeremy Wells off air after contact with possible case","Seven Sharp host Jeremy Wells is off-air and in self-isolation after coming into contact with a person now being tested for coronavirus.",https://www.nzherald.co.nz/entertainment/news/article.cfm?c_id=1501119&objectid=12317909, https://pbs.twimg.com/media/ETXgXM6WkAADbSJ?format=jpg&name=medium, Entertainment
24,2020-03-18,"Coronavirus: New Zealand football announce raft of cancellations and postponements","New Zealand Football have announced the rest of the men's national league will be cancelled and the side currently leading the league will be crowned champions.",https://www.nzherald.co.nz/sport/news/article.cfm?c_id=4&objectid=12317773, https://www.nzherald.co.nz/resizer/DSe9rmpEYAoSIBZ6fc8sB4ggTWE=/620x413/smart/filters:quality(70)/arc-anglerfish-syd-prod-nzme.s3.amazonaws.com/public/6DQML5VN4ZF3RJMFQX6KF4XOJU.jpg,Sport
25,2020-03-18,"Coronavirus: Waddling penguins explore shut-down US aquarium","An aquarium in the US is making light of a bad situation by letting penguins out of their enclosure and waddle around since being closed down amid coronavirus fears.",https://www.nzherald.co.nz/lifestyle/news/article.cfm?c_id=6&objectid=12317839,https://th.bing.com/th/id/OIP.0lCxLKfDnOyswQCF9rcv7AHaCz?w=344&h=132&c=7&o=5&pid=1.7,Lifestyle
26,2020-03-18,"As virus shuts down cities in Europe, pollution drops","The European Union's space agency's earth-observation satellites have detected a significant reduction in the pollutant nitrogen dioxide, a byproduct of the use of diesel motors and other human activities, in northern Italy as the advance of the Covid-19 has led to drastic measures curtailing ordinary life.",https://www.nzherald.co.nz/world/news/article.cfm?c_id=2&objectid=12317746, https://pbs.twimg.com/card_img/1293287924608438278/hh_Yy6BU?format=jpg&name=900x900,World
27,2020-03-19,"Coronavirus: Italy's canals run clear amid lockdown","While Italy has been crippled by the coronavirus pandemic, there's one good news story to come out of the country as a result of the lockdown.",https://www.nzherald.co.nz/travel/news/article.cfm?c_id=7&objectid=12318047, https://www.nzherald.co.nz/resizer/EuhfCJiucDm-xX2TvErUz_YxcSg=/620x349/smart/filters:quality(70)/arc-anglerfish-syd-prod-nzme.s3.amazonaws.com/public/EN2OXZVR3RFWPNINUL4ZGOJBMU.jpg,Travel
28,2020-03-19,"Coronavirus: Big Brother Germany contestants learn about coronavirus pandemic on live TV","A group of 14 reality TV stars in Germany have become some of the last people in the world to discover the world is currently in the midst of a global health pandemic.",https://www.nzherald.co.nz/entertainment/news/article.cfm?c_id=1501119&objectid=12317961, https://pbs.twimg.com/media/ETVKvIAWkAML7pn?format=jpg&name=small, Entertainment
29,2020-03-20,"Coronavirus: Pukekohe Intermediate School to close on Monday after pupil tested","An Auckland school will close on Monday after one of its pupils was tested for Covid-19.",https://www.nzherald.co.nz/nz/news/article.cfm?c_id=1&objectid=12318373, https://www.nzherald.co.nz/resizer/NRwt9c8mUUzgT5OZBPIpyjbPVls=/620x493/smart/filters:quality(70)/arc-anglerfish-syd-prod-nzme.s3.amazonaws.com/public/RZP25ZHD5RBVLNARGFXUGQZCSQ.jpg,New Zealand
30,2020-03-20,"Coronavirus: Family says China is now safer than NZ for their children","A Chinese family on Auckland's North Shore has decided to take their children back to China, joining a small trickle of parents starting to withdraw children from New Zealand childcare centres because of coronavirus.",https://www.nzherald.co.nz/nz/news/article.cfm?c_id=1&objectid=12317736, https://www.nzherald.co.nz/resizer/Rr7HaHT32fXuT5DwzZW-T40fFOU=/620x931/smart/filters:quality(70)/arc-anglerfish-syd-prod-nzme.s3.amazonaws.com/public/KUEOQNEEPFCSRNWRSHUEVMRMR4.jpg, New Zealand
31,2020-03-21,"Someone's not seen much of her mum lately: Clarke Gayford thanks New Zealanders","New Zealand's first man Clarke Gayford has thanked New Zealanders for checking in on him and his family, as he asked the country to listen to his partner's statement on Covid-19 earlier today.",https://www.nzherald.co.nz/nz/news/article.cfm?c_id=1&objectid=12318706, https://www.nzherald.co.nz/resizer/cRhyd6fMrdGEyXSVSUwF0laLGH8=/620x349/smart/filters:quality(70)/arc-anglerfish-syd-prod-nzme.s3.amazonaws.com/public/4NYBZEGEABB4JPRQDXGYS7GM4I.jpg, New Zealand
32,2020-03-21,"A US megachurch helped test nearly 1,000 people for coronavirus in two days","On Sunday, Alabama's largest church stopped its in-person worship services. By Tuesday, it started hosting drive-through coronavirus tests in one of its parking lots.",https://www.nzherald.co.nz/world/news/article.cfm?c_id=2&objectid=12318682, https://www.nzherald.co.nz/resizer/2J3guTzGR0btup4X-H1tRyzLQQg=/620x349/smart/filters:quality(70)/arc-anglerfish-syd-prod-nzme.s3.amazonaws.com/public/3QOSLIGRSJDP7ITV26E56LMRFM.jpeg, World
33,2020-03-22,"Coronavirus Australia: 'No one' abiding by social-distancing measures","Australians seem yet to grasp the Federal Government's newly-imposed social distancing measures.",https://www.nzherald.co.nz/lifestyle/news/article.cfm?c_id=6&objectid=12318767, https://pbs.twimg.com/media/ETmWPrkUYAY8Kcx?format=jpg&name=small, Lifestyle
34,2020-03-23,"Tom Hanks has coronavirus: Star updates fans on Covid-19 diagnosis","Hollywood actor Tom Hanks, who has been quarantined in Australia with his wife Rita Wilson after they both tested positive for Covid-19, has posted another update on his health for fans.",https://www.nzherald.co.nz/entertainment/news/article.cfm?c_id=1501119&objectid=12319161, https://pbs.twimg.com/media/ETwu3i1UcAUMKpF?format=png&name=small, Entertainment
35,2020-03-23,"Coronavirus: Film-maker Taika Waititi shares video message","Taika Waititi has shared a video warning to the Covid-19 virus.", https://www.nzherald.co.nz/entertainment/news/article.cfm?c_id=1501119&objectid=12318956, https://www.nzherald.co.nz/resizer/nSz2qSXcvZgBfDfgCchqB7D7nkA=/620x427/smart/filters:quality(70)/arc-anglerfish-syd-prod-nzme.s3.amazonaws.com/public/KAI56K5DO5DZHCOOD4AFP4C77I.jpg, Entertainment
36,2020-03-23,"Coronavirus in NZ: Entrepreneur Jenene Crossan talks symptoms and weeks ahead on her own","A Kiwi entrepreneur who has been hospitalised with coronavirus has urged people to heed official advice.",https://www.nzherald.co.nz/lifestyle/news/article.cfm?c_id=6&objectid=12318972, https://www.nzherald.co.nz/resizer/mmXEG7SyUX48KxdSctWt8x3yFCU=/620x930/smart/filters:quality(70)/arc-anglerfish-syd-prod-nzme.s3.amazonaws.com/public/I7OXQHIJBRHUNEUO2WI5CSIYEM.jpg, Lifestyle
37,2020-03-23,"Coronavirus around the world: New York to shut down as it becomes hot spot","New York City's mayor was preparing to order his city behind closed doors in an attempt to slow a pandemic that has swept across the globe and threatened to make the city of 8.5 million one of the world's biggest coronavirus hot spots, as officials worldwide warned of a critical shortage of medical supplies.",https://www.nzherald.co.nz/world/news/article.cfm?c_id=2&objectid=12318935, https://www.nzherald.co.nz/resizer/krdCWexMes8tGOtLwSUAq6zjjKQ=/620x394/smart/filters:quality(70)/arc-anglerfish-syd-prod-nzme.s3.amazonaws.com/public/XJKO5NDKWBC5TOL4A7PNAMX7NY.jpg, World
38,2020-03-23,"Coronavirus: Law Society seeks clarification on whether courts will continue as lockdown looms","Lawyers are seeking clarification from the Chief Justice after the Prime Minister raised the Covid-19 alert level to 3 with level 4 to follow in 48 hours.",https://www.nzherald.co.nz/nz/news/article.cfm?c_id=1&objectid=12319152, https://www.nzherald.co.nz/resizer/G_dcyesWoSTNQy3T0x3cAlgxXGU=/620x349/smart/filters:quality(70)/arc-anglerfish-syd-prod-nzme.s3.amazonaws.com/public/C4Q4YVYVLRE2BCEXFJG3JETA6E.jpg, New Zealand
39,2020-03-23,"Europe scrambles for supplies as coronavirus cases surge","A team of firefighters and volunteers turned a 1400 sq m convention centre hall in Vienna into a new 880-bed coronavirus hospital over the course of a weekend.",https://www.nzherald.co.nz/world/news/article.cfm?c_id=2&objectid=12319099, https://www.nzherald.co.nz/resizer/MeVfO4LAjBJF7gdmze03WG9zWYw=/620x349/smart/filters:quality(70)/arc-anglerfish-syd-prod-nzme.s3.amazonaws.com/public/FSGFGN2COBEZRK3OR6IH364GR4.jpg, World
40,2020-03-24,"Covid 19 coronavirus: Photos from a century of epidemics","There are times when the planet resets its course with a cruelty that seems as capricious as it is implacable. The coronavirus pandemic, spreading octopus tentacles into every crevice of society, is one of them, pitting the vanity of human assumptions against nature's almost casual ability to destroy them. It is not the first time.",https://www.nzherald.co.nz/world/news/article.cfm?c_id=2&objectid=12319500, https://www.nzherald.co.nz/resizer/T0_-CBdIEozRPSjXoMXHjL9q22M=/620x408/smart/filters:quality(70)/arc-anglerfish-syd-prod-nzme.s3.amazonaws.com/public/MG4FJO2APZHDHO7BLCLKQQIB4I.jpg, World
41,2020-03-24,"Coronavirus figures offer signs of hope for Italy that lockdown is working","Officials say Italy has recorded a smaller day-to-day increase in new coronavirus cases for the second straight day.",https://www.nzherald.co.nz/world/news/article.cfm?c_id=2&objectid=12319251, https://www.nzherald.co.nz/resizer/7RLkhAqo9coOwQ5LI4Y5MPaSLUQ=/620x349/smart/filters:quality(70)/arc-anglerfish-syd-prod-nzme.s3.amazonaws.com/public/GPQAQFKXIRFENITKBOVACZNFNE.jpg, World
42,2020-03-24,"Covid-19 coronavirus: British nationals stranded in NZ wait outside Auckland consulate as lockdown looms","United Kingdom authorities have established a register for Brits stranded in New Zealand due to the global coronavirus pandemic, many of whom gathered outside their nation's consulate in Auckland this morning.",https://www.nzherald.co.nz/nz/news/article.cfm?c_id=1&objectid=12319377, https://www.nzherald.co.nz/resizer/BBTH5llJ6vHjWGam-FGBUq93nSk=/620x439/smart/filters:quality(70)/arc-anglerfish-syd-prod-nzme.s3.amazonaws.com/public/PHAHBE2U4FGMBAEGBFPMZGLRPI.jpg, New Zealand
43,2020-03-24,"Covid-19 coronavirus: Kiwis stranded in Peru facing $10K flight home, 'Please don't forget about us'","Dozens of Kiwis stranded in Peru are pleading for Government assistance after the country suddenly went into quarantine and closed its borders.",https://www.nzherald.co.nz/nz/news/article.cfm?c_id=1&objectid=12319382, https://www.nzherald.co.nz/resizer/164sl3cuf0ugti6z3MiFzZBVlHc=/620x465/smart/filters:quality(70)/arc-anglerfish-syd-prod-nzme.s3.amazonaws.com/public/GQNI4JF3IBHGTLLMPP5AIYNUIQ.jpg, New Zealand
44,2020-03-24,"India halts its crucial train network to try to stop virus","As India expanded its virus-containment measures and halted its train network, the country's lifeblood, the federal Government warned of strict legal action for those who flout the rules.",https://www.nzherald.co.nz/world/news/article.cfm?c_id=2&objectid=12319257, https://www.nzherald.co.nz/resizer/u7YzqpWee3TaU_z-nSKpbrU8OJQ=/620x349/smart/filters:quality(70)/arc-anglerfish-syd-prod-nzme.s3.amazonaws.com/public/KR5XB4ONQJGNPGTJCUHWOB7EGM.jpg, World
45,2020-03-24,"Trump considers restarting economy despite warnings from health officials","'President Donald Trump has indicated he wants to ease social distancing measures in the United States and reopen the economy within weeks, not months.",https://www.nzherald.co.nz/world/news/article.cfm?c_id=2&objectid=12319468, https://pbs.twimg.com/card_img/1292789847481102336/etqK1Zi_?format=jpg&name=small, World
46,2020-03-24,"Italian healthcare workers fall ill with coronavirus after treating patients","Italy is facing a second wave of problems during the coronavirus pandemic as healthcare workers fall ill with the potentially deadly infection.",https://www.nzherald.co.nz/world/news/article.cfm?c_id=2&objectid=12319289, https://pbs.twimg.com/media/ET0aeZOXgAIA0o4?format=jpg&name=small, World
47,2020-03-24,"Covid-19 coronavirus lockdown: Air NZ pleads with no show passengers to cancel bookings","Air New Zealand is pleading with no-show customers to cancel bookings so their seats can be used by desperate Kiwis trying to get home before tomorrow night's lockdown.",https://www.nzherald.co.nz/nz/news/article.cfm?c_id=1&objectid=12319281, https://th.bing.com/th/id/OIP.0lCxLKfDnOyswQCF9rcv7AHaCz?w=344&h=132&c=7&o=5&pid=1.7, New Zealand
48,2020-03-24,"Covid-19 coronavirus lockdown - Herald editorial: A whānau of five million","History will consider this one of the most pivotal moments in our nationhood: We are in lockdown as we collectively fight Covid-19.",https://www.nzherald.co.nz/nz/news/article.cfm?c_id=1&objectid=12319272, https://www.nzherald.co.nz/resizer/coZyI5rCySD_FtPkBynjNJxh-x8=/620x881/smart/filters:quality(70)/media.nzherald.co.nz/webcontent/infographics/424/heraldfront.jpg, New Zealand
49,2020-03-25,"Covid 19 coronavirus: Cheeky way dairy handles toilet paper hoarders","A Sydney convenience store has found a novel way of stopping greedy coronavirus-panicked toilet paper hoarders.",https://www.nzherald.co.nz/lifestyle/news/article.cfm?c_id=6&objectid=12319597, https://www.nzherald.co.nz/resizer/MnY9a-Ne3tgpcDwMdtAYkR_NKuk=/620x456/smart/filters:quality(70)/arc-anglerfish-syd-prod-nzme.s3.amazonaws.com/public/KOGQKYMZLFAGTG6QFUHZ4NVL3U.jpg, Lifestyle
50,2020-03-25,"Covid-10 coronavirus: US President Donald Trump not in control of all decisions","As leaders of Congress hammered out the US$2 trillion ($3.4t) stimulus package this week, United States President Donald Trump spent much of his time posting commentary on Twitter, parrying questions in the White House press briefing room and filling airtime on Fox News Channel.",https://www.nzherald.co.nz/world/news/article.cfm?c_id=2&objectid=12319771, https://pbs.twimg.com/card_img/1293853120779505665/0yaesAhr?format=jpg&name=small, World
51,2020-03-25,"Most Council services continue","Whanganui District CouncilWhanganui District Council has responded to the Government's announcement that it is moving to Alert Level Four at midnight on Wednesday, March 24,2020, by making further changes to its levels of service.",https://www.nzherald.co.nz/nz/news/article.cfm?c_id=1&objectid=12319767, https://www.nzherald.co.nz/resizer/hcPC9sA-dRnprzz2Vdv8_96vO0c=/620x349/smart/filters:quality(70)/arc-anglerfish-syd-prod-nzme.s3.amazonaws.com/public/YOFTQDYX4NDO5NQJJJSQ5F7X3M.jpg, New Zealand
52,2020-03-25,"Covid-19 coronavirus: Grim find - bodies of virus victims in Spanish nursing homes","Spanish Army troops disinfecting nursing homes have found, to their horror, some residents living in squalor among the infectious bodies of people suspected of dying from the new coronavirus, authorities said today.",https://www.nzherald.co.nz/world/news/article.cfm?c_id=2&objectid=12319625, https://www.nzherald.co.nz/resizer/9vyCkcXWZdvdBEiuIw5QJhEUmAw=/620x349/smart/filters:quality(70)/arc-anglerfish-syd-prod-nzme.s3.amazonaws.com/public/N4OE664Y7FBANP5CFYKAJ2PA6E.jpg, World
53,2020-03-26,"Eerie scenes as NZ goes into lockdown","The Covid-19 lockdown of New Zealand started at 11:59pm 25 March 2020. This is what it was like on the first morning.",https://www.nzherald.co.nz/breaking-news/news/image.cfm?c_id=1503711&gal_cid=1503711&gallery_id=218444, https://th.bing.com/th/id/OIP.0lCxLKfDnOyswQCF9rcv7AHaCz?w=344&h=132&c=7&o=5&pid=1.7, New Zealand
54,2020-03-26,"Covid 19 coronavirus: Idris Elba hits back at rumours celebrities are paid to say they have tested positive","Idris Elba has blasted rumours celebrities are being paid to say they have coronavirus",'https://www.nzherald.co.nz/entertainment/news/article.cfm?c_id=1501119&objectid=12319941, https://www.nzherald.co.nz/resizer/iXInwHjiP88NrB8VDZAUcyk00ss=/620x349/smart/filters:quality(70)/arc-anglerfish-syd-prod-nzme.s3.amazonaws.com/public/US3PHABTEJC5HFLV23UYIF3OY4.jpg, Entertainment
55,2020-03-26,"Covid-19 coronavirus: The Queen holds talks with Boris Johnson by phone","A further 28 people have died in England, bringing the total number of confirmed deaths in the United Kingdom to 465.",https://www.nzherald.co.nz/world/news/article.cfm?c_id=2&objectid=12319994, https://www.nzherald.co.nz/resizer/CT9FMFzRQ5iBpImDx2Nuu1WvMZI=/620x333/smart/filters:quality(70)/arc-anglerfish-syd-prod-nzme.s3.amazonaws.com/public/EZ3WYAYFLJHWBB76BKCZLTQ36Y.jpg, World
56,2020-03-26,"Covid 19 coronavirus: Day 1 of lockdown, what are you doing today?","A spot of gardening, an early morning run or just a whole lot of nothing were on the agenda for Kiwis today, on the first day of the Covid 19 lockdown.",'https://www.nzherald.co.nz/nz/news/article.cfm?c_id=1&objectid=12320038, https://pbs.twimg.com/media/ET-_x7sU4AEQmXL?format=jpg&name=900x900, New Zealand
57,2020-03-27,"Covid 19 coronavirus: Qatar Airways adds extra flights to New Zealand","While most airlines are slashing or suspending operations due to Covid-19, Qatar Airways has extended its service for the Doha to Auckland route, to help get more Kiwis home.",https://www.nzherald.co.nz/travel/news/article.cfm?c_id=7&objectid=12320315, https://pbs.twimg.com/media/ET8sNJgVAAIXQT-?format=jpg&name=small, Travel
58,2020-03-27,"Covid 19 coronavirus: Pay wage subsidy and keep employing staff Govt tells businesses","The Government has tweaked its employer wage subsidy scheme to prevent ""double dipping"" and told employers they must pass the full subsidy to workers and keep them employed.",https://www.nzherald.co.nz/business/news/article.cfm?c_id=3&objectid=12320433, https://www.nzherald.co.nz/resizer/uGqqg7l7np5KyreSktCTbZr3MJA=/620x1057/smart/filters:quality(70)/media.nzherald.co.nz/webcontent/infographics/3851/ALERTS_OL.jpg, Business
59,2020-03-29,"Covid 19 coronavirus: US deaths double in two days, Trump says quarantine ""not necessary""","US President Trump tweeted on Saturday night (US time) that he has asked the Centres for Disease Control and Prevention to issue a ""strong Travel Advisory"" but that a quarantine on the New York region ""will not be necessary.""",https://www.nzherald.co.nz/world/news/article.cfm?c_id=2&objectid=12320699, https://www.nzherald.co.nz/resizer/159Vi4ELuH2fpLrv1SCwYLulzoM=/620x349/smart/filters:quality(70)/arc-anglerfish-syd-prod-nzme.s3.amazonaws.com/public/XQOAY2IY6ZEIZNSW2E3UMG2M4U.jpg, World
60,2020-03-29,"Covid 19 coronavirus: Best household cleaning products to combat virus","COVID-19 has only been around for a few months, so at this point scientists don't know that much about it. But more is being learned every day. We now know, for example, it can live on surfaces for up to nine days and survives in the air for a few hours. We also now know that the virus particles are shed through saliva and fluids coughed up from the lungs. And that the virus can also be shed from our faeces.",https://www.nzherald.co.nz/lifestyle/news/article.cfm?c_id=6&objectid=12320633, https://th.bing.com/th/id/OIP.0lCxLKfDnOyswQCF9rcv7AHaCz?w=344&h=132&c=7&o=5&pid=1.7, Lifestyle
61,2020-03-30,"Covid 19 coronavirus: Sufferer recounts brutal battle with virus","He deals with terrorists for a living but for Shiraz Maher, contracting Covid-19 pneumonia was more scary than anything he has ever encountered.", https://www.nzherald.co.nz/lifestyle/news/article.cfm?c_id=6&objectid=12320760, https://th.bing.com/th/id/OIP.0lCxLKfDnOyswQCF9rcv7AHaCz?w=344&h=132&c=7&o=5&pid=1.7, Lifestyle
62,2020-03-30,"Covid-19 coronavirus: Age is not the only risk factor for severe infection","Older people remain most at risk of dying as the new coronavirus continues its rampage around the globe, but they're far from the only ones vulnerable.", https://www.nzherald.co.nz/world/news/article.cfm?c_id=2&objectid=12320753, https://pbs.twimg.com/media/EUSvZz1WkAA0ZD2?format=jpg&name=small, World
63,2020-03-30,"Covid-19 coronavirus: Germany's leader shines in crisis even as power wanes","In her first address to the nation on the coronavirus pandemic, German Chancellor Angela Merkel calmly appealed to citizens' reason and discipline to slow the spread of the virus.", https://www.nzherald.co.nz/world/news/article.cfm?c_id=2&objectid=12320819, https://pbs.twimg.com/card_img/1292407801172692994/b2VW2Qah?format=jpg&name=small, World
64,2020-03-30,"Covid 19 coronavirus: Flight tracker shows impact of NZ's travel restrictions compared to US","A live flight tracker reveals the impressive impact on New Zealand's travel restrictions compared to the United States of America (US).", https://www.nzherald.co.nz/nz/news/article.cfm?c_id=1&objectid=12320801, https://pbs.twimg.com/media/EURJYicUUAERZhk?format=jpg&name=small, World
65,2020-03-30,"Covid-19 coronavirus: Sweden is an outlier in virus restrictions","The streets of Stockholm are quiet but not deserted.", https://www.nzherald.co.nz/world/news/article.cfm?c_id=2&objectid=12320747, https://www.nzherald.co.nz/resizer/h3nSvA9oVkCfnKjFvJPjMY8e_OI=/620x349/smart/filters:quality(70)/arc-anglerfish-syd-prod-nzme.s3.amazonaws.com/public/W3BY3Y7RVFAUXJDKDGPOIBK6SE.jpg, World
66,2020-03-31,"Covid-19 coronavirus: How would overwhelmed hospitals decide who to treat first?","A nurse with asthma, a grandfather with cancer and a homeless man with no known family are wracked with coronavirus-induced fevers.", https://www.nzherald.co.nz/world/news/article.cfm?c_id=2&objectid=12321272, https://pbs.twimg.com/card_img/1293796258520469504/HJEJ7nLt?format=jpg&name=small, World
67,2020-03-31,"Covid 19 coronavirus: Airbnb pays $415 million to hosts to cover cancellations","irbnb has announced it will pay USD$250 million (NZ$415 million) to hosts around the world to help cover the cost of Covid-19 cancellations.", https://www.nzherald.co.nz/travel/news/article.cfm?c_id=7&objectid=12321336, https://th.bing.com/th/id/OIP.0lCxLKfDnOyswQCF9rcv7AHaCz?w=344&h=132&c=7&o=5&pid=1.7, Travel
68,2020-03-31,"Covid 19 coronavirus: English cricketers Mark Wood and Liam Plunkett share isolation dancing tutorials","The arduous process of self-isolation has been a blessing and a curse. Although we have more spare time than ever before, some are coping with quarantine better than others.", https://www.nzherald.co.nz/sport/news/article.cfm?c_id=4&objectid=12320717, https://www.nzherald.co.nz/resizer/kQ1qzZB1c1ITwwS5XluXqNkcmyk=/620x349/smart/filters:quality(70)/cloudfront-ap-southeast-2.images.arcpublishing.com/nzme/V567AIKAABAEHNYCTH4W4OAF2A.jpg, Sport
69,2020-04-01,"Covid 19 coronavirus: Egypt's pyramids get deep clean during tourist lock out","2020 was billed as the year to return to Egypt. Cairo's much-delayed Grand Egyptian Museum was set to open this year full of repatriated treasures, resorts and flight routes reported increasing inbound bookings following a rocky period for tourism. That was until Pandemic travel restrictions killed the rebounding tourism industry, dead.",'https://www.nzherald.co.nz/travel/news/article.cfm?c_id=7&objectid=12321431, https://www.nzherald.co.nz/resizer/fmV5p56-gNoCcvxh26jBrUra15U=/620x349/smart/filters:quality(70)/arc-anglerfish-syd-prod-nzme.s3.amazonaws.com/public/6ICFHGSXZJDMHMBV36BYB7DPNI.jpg, Travel
70,2020-04-01,"Covid 19 coronavirus: TikTok videos show what Kiwis are up to during isolation","As New Zealand enters its second week of the alert level 4 lockdown, Kiwis have shared the things they have been up to on social media.", https://www.nzherald.co.nz/lifestyle/news/article.cfm?c_id=6&objectid=12321501, https://www.nzherald.co.nz/resizer/1qrJfDI_0EkNq1WcBbK7PTJRvq0=/620x349/smart/filters:quality(70)/arc-anglerfish-syd-prod-nzme.s3.amazonaws.com/public/U3JVMF7AFZD6ZIZGYVE7D4LMYE.png, Lifestyle
71,2020-04-01,"Covid 19 coronavirus: Britain's youngest victim dies alone","A 13-year-old who is believed to be the youngest victim of Covid-19 in Britain died alone in London hospital.", https://www.nzherald.co.nz/world/news/article.cfm?c_id=2&objectid=12321428, https://th.bing.com/th/id/OIP.0lCxLKfDnOyswQCF9rcv7AHaCz?w=344&h=132&c=7&o=5&pid=1.7, World
72,2020-04-01,"Covid-19 coronavirus: Should you wear a mask in public if you're not ill?","If you're not sick with the new coronavirus, should you wear a mask in public?", https://www.nzherald.co.nz/world/news/article.cfm?c_id=2&objectid=12321494, https://th.bing.com/th/id/OIP.0lCxLKfDnOyswQCF9rcv7AHaCz?w=344&h=132&c=7&o=5&pid=1.7, World
73,2020-04-02,"Covid 19 coronavirus: Which nations still have no cases?","While the coronavirus continues to sweep the world, there are some countries that have managed to avoid it so far.", https://www.nzherald.co.nz/world/news/article.cfm?c_id=2&objectid=12321739, https://www.nzherald.co.nz/resizer/bYIr-m8TWyx7IVjbn2Yf3AbDrDs=/620x421/smart/filters:quality(70)/arc-anglerfish-syd-prod-nzme.s3.amazonaws.com/public/VWTVWEOVOFHO7JUMYIOOC5O42I.jpg, World
74,2020-04-03,"Covid 19 coronavirus: How much more susceptible are middle-aged like me?","Covid-19 used to be a distant disease. Now, its becoming all too real for those in their middle years, as new statistics show.", https://www.nzherald.co.nz/lifestyle/news/article.cfm?c_id=6&objectid=12322141, https://th.bing.com/th/id/OIP.0lCxLKfDnOyswQCF9rcv7AHaCz?w=344&h=132&c=7&o=5&pid=1.7, Lifestyle
75,2020-04-04,"Covid 19 coronavirus: Instagram influencer denies faking virus results","An Instagram influencer who sparked public fury for jetting off to an exclusive getaway after testing positive for coronavirus has published a tearful message online.", https://www.nzherald.co.nz/lifestyle/news/article.cfm?c_id=6&objectid=12322456, https://pbs.twimg.com/media/EUj9-3qX0AAoa6q?format=jpg&name=900x900, Lifestyle
76,2020-04-06,"Covid 19 coronavirus: Huge price hikes for essential goods during lockdown","A freezer that cost $949 on March 1 shot up to $1499 by March 31 as lockdown conditions limited trade across the country.", https://www.nzherald.co.nz/business/news/article.cfm?c_id=3&objectid=12322746, https://www.nzherald.co.nz/resizer/AYQxtZVLI17PswTN3mgrcW2CUog=/620x674/smart/filters:quality(70)/arc-anglerfish-syd-prod-nzme.s3.amazonaws.com/public/OFBQZ34SEZADNKKN427WLWR4OE.jpg, Business
77,2020-04-06,"Covid 19 coronavirus: Woman says employer applied for wage subsidy after making her redundant","An Auckland woman says she was shocked that her boss applied for the Government's wage subsidy under her name after making her redundant.", https://www.nzherald.co.nz/business/news/article.cfm?c_id=3&objectid=12322736, https://th.bing.com/th/id/OIP.0lCxLKfDnOyswQCF9rcv7AHaCz?w=344&h=132&c=7&o=5&pid=1.7, Business
78,2020-04-01,"Covid 19 coronavirus: USA Rugby files for bankruptcy","The USA Rugby board of directors and congress have voted to officially file Chapter 11 bankruptcy as a result of compounded and insurmountable financial constraints.", https://www.nzherald.co.nz/sport/news/article.cfm?c_id=4&objectid=12321398, https://www.nzherald.co.nz/resizer/RMFh2_3GAIlzPktkzZbjY31es6U=/620x413/smart/filters:quality(70)/arc-anglerfish-syd-prod-nzme.s3.amazonaws.com/public/2HZA2INHKJEMVDII2NPOYH7Y7U.jpg, Sport
79,2020-04-02,"Covid 19 coronavirus: How to rebook your Olympic travel for Tokyo 2021","The International Olympic Committee announced Monday that it has postponed the start of the Tokyo Olympics to July 23,2021, and of the Paralympic Games to August 24,2021, because of the coronavirus pandemic.", https://www.nzherald.co.nz/travel/news/article.cfm?c_id=7&objectid=12321770, https://www.nzherald.co.nz/resizer/t7Y2XarNB4_weM2_HtmrkSOf2gM=/620x349/smart/filters:quality(70)/arc-anglerfish-syd-prod-nzme.s3.amazonaws.com/public/NBZZGEOX75HBBF7M4OWCZQHX7M.jpg, Travel
80,2020-04-02,"Prime Minister Jacinda Ardern criticises Bauer Media for refusing Government support","Prime Minister Jacinda Ardern has criticised Bauer Media for refusing Government support and choosing to shut down.", https://www.nzherald.co.nz/nz/news/article.cfm?c_id=1&objectid=12322019, https://www.nzherald.co.nz/resizer/-EkWWuUpnq4dch6e8P4Rlx9E7Jw=/620x392/smart/filters:quality(70)/media.nzherald.co.nz/webcontent/infographics/3891/Monatge1.jpg, New Zealand
81,2020-04-02,"Covid 19 coronavirus: Testing definition widened to 'priority groups' - docs say more needed","The testing criteria for Covid-19 is still limited to priority groups, despite being widened as concerns grow New Zealand is not doing enough testing to stamp out the virus.", https://www.nzherald.co.nz/nz/news/article.cfm?c_id=1&objectid=12321799, https://pbs.twimg.com/media/EUirOKdUYAMUNhH?format=jpg&name=small, New Zealand
82,2020-04-02,"Covid-19 coronavirus: Cruise ships told to stay at sea with sick on board","The United States Coast Guard has directed cruise ships to prepare to treat any sick passengers and crew on board while being sequestered ""indefinitely"" offshore during the coronavirus pandemic.", https://www.nzherald.co.nz/world/news/article.cfm?c_id=2&objectid=12321953, https://pbs.twimg.com/card_img/1293013510767534080/iwNbNueX?format=jpg&name=small, World
83,2020-04-02,"Covid 19 coronavirus: INZ urges stranded visitors with expired visas to get in touch","Immigration New Zealand says people stuck here with visas that expired before April 1 must get them renewed, and urges those who can't to get in contact urgently.", https://www.nzherald.co.nz/nz/news/article.cfm?c_id=1&objectid=12321997, https://www.nzherald.co.nz/resizer/_c2KIaXxLxSgirOMdc5f3fVt3Fw=/620x286/smart/filters:quality(70)/arc-anglerfish-syd-prod-nzme.s3.amazonaws.com/public/RZ7CAEWGK5D5RLJR6IL6TSDQAI.jpg, New Zealand
84,2020-04-03,"Covid 19 coronavirus: World Health Organisation accused of 'parroting Chinese propaganda'","The World Health Organisation is facing growing criticism for its handling of the coronavirus pandemic and its ties to the Chinese Communist Party.", https://www.nzherald.co.nz/opinion/news/article.cfm?c_id=466&objectid=12322113, https://www.nzherald.co.nz/resizer/KAsAPNZ7Fyq2VrYJbB3mJ8mkxN0=/620x413/smart/filters:quality(70)/arc-anglerfish-syd-prod-nzme.s3.amazonaws.com/public/LXJKTRS4UNCNPL7REPAXYVSCUE.jpg, Opinion
85,2020-04-03,"Covid 19 coronavirus: Expert says it's better to wear a mask","A top epidemiologist in Hong Kong says it is safer for people to wear surgical masks if they are available, but health workers must have first call when supplies are short.", https://www.nzherald.co.nz/nz/news/article.cfm?c_id=1&objectid=12322110, https://www.nzherald.co.nz/resizer/3Ppu3vCNR3acMJmebPW-9g0V4w8=/620x420/smart/filters:quality(70)/arc-anglerfish-syd-prod-nzme.s3.amazonaws.com/public/ZZCDL7T2SBGURIUQWNLDTE7PZQ.jpg, New Zealand
86,2020-04-03,"Covid 19 coronavirus: One Direction star Louis Tomlinson announces NZ tour dates are postponed","Louis Tomlinson has announced he has postponed his New Zealand tour date.", https://www.nzherald.co.nz/entertainment/news/article.cfm?c_id=1501119&objectid=12322202, https://www.nzherald.co.nz/resizer/xamtXE2CCjydxqtwjaI4OZ_MGas=/620x349/smart/filters:quality(70)/arc-anglerfish-syd-prod-nzme.s3.amazonaws.com/public/BF3X37GBQZCB5FO5GAI44G6NQI.jpg, Entertainment
87,2020-04-05,"Covid 19 coronavirus: Newborn twins named after the pandemic they were born into","With few things escaping the recent pandemic – our homes, our lives and workplaces have all been turned upside down – it seems baby names couldn't escape the coronavirus unscathed either.", https://www.nzherald.co.nz/lifestyle/news/article.cfm?c_id=6&objectid=12322614, https://www.nzherald.co.nz/resizer/lNn21SGorNbuwtQ26S3o4b58NSY=/620x412/smart/filters:quality(70)/arc-anglerfish-syd-prod-nzme.s3.amazonaws.com/public/3CXQRCLXWVC65L4P5AAFBVXUYI.jpg, Lifestyle
88,2020-04-05,"Covid 19 coronavirus: Elton John reveals he will donate $1 million to HIV charity to ensure it isn't 'forgotten' amid pandemic","Sir Elton John has launched a $1 million fund to help those with HIV amid the coronavirus pandemic.",'https://www.nzherald.co.nz/entertainment/news/article.cfm?c_id=1501119&objectid=12322533, https://www.nzherald.co.nz/resizer/mfWU42ALRZkL6qXn_Eb4_PsUqnU=/620x349/smart/filters:quality(70)/arc-anglerfish-syd-prod-nzme.s3.amazonaws.com/public/TN6EMV7HQVAT5E46P65NEZYTKU.jpg, Entertainment
89,2020-04-05,"Covid 19 coronavirus: Queen to make speech urging Britain to rise to the unprecedented challenges of pandemic","The Queen will urge people to rise to the unprecedented challenges of the coronavirus pandemic, speaking of her faith that this generation will prove themselves ""as strong as any"" that have come before.", https://www.nzherald.co.nz/lifestyle/news/article.cfm?c_id=6&objectid=12322570, https://www.nzherald.co.nz/resizer/KgWUVCsC5QdfXpnONI_QlRUY34o=/620x930/smart/filters:quality(70)/arc-anglerfish-syd-prod-nzme.s3.amazonaws.com/public/KWDYHHNXWVGW3OHEU5BQQOTSLQ.jpg, Lifestyle
90,2020-04-06,"Covid 19 coronavirus: Indian nationals stuck in NZ 'in desperate state' for food and money","Free food parcels being handed out to Indian nationals stuck in New Zealand by the Indian High Commission is a ""welcome relief"" to hundreds who are running out of money, a charity says.", https://www.nzherald.co.nz/nz/news/article.cfm?c_id=1&objectid=12322784, https://www.nzherald.co.nz/resizer/ClR9V7eLXVeJo8GCDIEmTfcG0jM=/620x827/smart/filters:quality(70)/arc-anglerfish-syd-prod-nzme.s3.amazonaws.com/public/Q5LD52XLMJBB3LZEWWXFEINUYY.jpg, New Zealand
91,2020-04-06,"Covid 19 coronavirus: Dalek delivers lockdown warning","Authorities in the UK may have found an unlikely ally in the fight against Covid-19 - an extraterrestrial entity more accustomed to fighting doctors than helping them prevent the spread of disease.", https://www.nzherald.co.nz/entertainment/news/article.cfm?c_id=1501119&objectid=12322671, https://www.nzherald.co.nz/resizer/KRwlmq7OyU9xUI7smmmtnOoAbGE=/620x349/smart/filters:quality(70)/arc-anglerfish-syd-prod-nzme.s3.amazonaws.com/public/ETCHJAKDCZDTHL5ZOJ2NQN7GYU.jpg, Entertainment
92,2020-04-06,"Covid-19 coronavirus: Grocery workers are key during the virus. And they're afraid","Every day, grocery workers are restocking toilet paper, eggs, produce and canned goods as fast as the items fly off the shelves.", https://www.nzherald.co.nz/world/news/article.cfm?c_id=2&objectid=12322834, https://www.nzherald.co.nz/resizer/spoI2FClbOULMnIcz4lDIFwEMfo=/620x425/smart/filters:quality(70)/arc-anglerfish-syd-prod-nzme.s3.amazonaws.com/public/7C2U2F2ZNRDVTG4WMCUWKJXQMM.jpg, World
93,2020-04-07,"Covid 19 coronavirus: Australian woman went on shopping spree 10 days after flying from overseas","While many Australians heeded government advice and stayed at home at the weekend, others found themselves on the wrong side of both the front door and the law.", https://www.nzherald.co.nz/lifestyle/news/article.cfm?c_id=6&objectid=12322977, https://www.nzherald.co.nz/resizer/vuXQPIgVwVcC8dxtkk_r7FFRK5U=/620x349/smart/filters:quality(70)/arc-anglerfish-syd-prod-nzme.s3.amazonaws.com/public/MWBCVJ4VI5D3JERJ5G6TXGQLFY.jpg, Lifestyle
94,2020-04-07,"Covid 19 coronavirus: Harry Potter author JK Rowling announces she is 'fully recovered' from coronavirus symptoms","JK Rowling has had ""symptoms"" of Covid-19.", https://www.nzherald.co.nz/entertainment/news/article.cfm?c_id=1501119&objectid=12323033, https://www.nzherald.co.nz/resizer/maQVSdwXGUp0fVCBNQ211lx5C90=/620x349/smart/filters:quality(70)/arc-anglerfish-syd-prod-nzme.s3.amazonaws.com/public/NKKWL2PIPJCMHDDLRKDBTIVJBM.jpg, Entertainment
95,2020-04-07,"Covid-19 coronavirus: California to lend 500 ventilators to US national stockpile","California Governor Gavin Newsom announced the state would lend 500 ventilators to the national stockpile for use by New York and other states experiencing a crush of coronavirus-related hospitalisations, even as he said the nation's most populous state needs to find more ventilators of its own.", https://www.nzherald.co.nz/world/news/article.cfm?c_id=2&objectid=12323067, https://www.nzherald.co.nz/resizer/wzOQpjgmuWxq1Cpb__vQV2YhnY0=/620x349/smart/filters:quality(70)/arc-anglerfish-syd-prod-nzme.s3.amazonaws.com/public/KAC7D6H7MNFPHCGY24HZGXZHDU.jpg, World
96,2020-04-07,"Covid-19 coronavirus: France has its highest 24-hour death toll","France's health minister has reported the country's highest 24-hour death toll recorded in the country since the Covid-19 pandemic began.", https://www.nzherald.co.nz/world/news/article.cfm?c_id=2&objectid=12322975, https://www.nzherald.co.nz/resizer/125fGT5Dz5df-T6xxXAPkzBx2Ds=/620x349/smart/filters:quality(70)/arc-anglerfish-syd-prod-nzme.s3.amazonaws.com/public/I4O3DFJ675A3NAGLICUIZKTAVU.jpg, World
97,2020-04-07,"Covid-19 coronavirus: Trump sees limits of presidency in avoiding blame for virus","President Donald Trump is confronting the most dangerous crisis a United States leader has faced this century as the coronavirus spreads and a once-vibrant economy falters.", https://www.nzherald.co.nz/world/news/article.cfm?c_id=2&objectid=12323014, https://www.nzherald.co.nz/resizer/Jh7iaAeabofWuS0eW5jxsTMEWaM=/620x349/smart/filters:quality(70)/arc-anglerfish-syd-prod-nzme.s3.amazonaws.com/public/2BJUNOQBOZGRNHQBTEMXNF2JHM.jpg, World
98,2020-04-08,"Covid-19 coronavirus: Acting US Navy boss submits resignation amid uproar","United States Acting Navy Secretary Thomas Modly resigned today, according to two officials, just hours after he had publicly apologised for a profanity-laced upbraiding of the officer he fired as captain of the coronavirus-stricken USS Theodore Roosevelt.", https://www.nzherald.co.nz/world/news/article.cfm?c_id=2&objectid=12323342, https://pbs.twimg.com/card_img/1292892716133765122/rfyNWDtz?format=jpg&name=small, World
99,2020-04-08,"Covid 19 coronavirus: Employer allegedly asked for $30,000 bond from worker to keep her job","A nail and beauty salon manager claims she was asked by her employer to pay a $30,000 bond to keep her job and visa status amid the coronavirus outbreak.", https://www.nzherald.co.nz/nz/news/article.cfm?c_id=1&objectid=12323493, https://www.nzherald.co.nz/resizer/3cK8UDOeiCs3CzhtSmk0zkHcTXo=/620x349/smart/filters:quality(70)/arc-anglerfish-syd-prod-nzme.s3.amazonaws.com/public/DS7KMCWX5NDJ5O2DDLGI574T7Y.jpg, New Zealand
100,2020-04-08,"Covid-19 coronavirus: With Boris Johnson in ICU, Britain wonders who's in charge","As British Prime Minister Boris Johnson fights the coronavirus in the intensive care unit of a London hospital, the people of his country are wishing him well — and asking who's in charge.", https://www.nzherald.co.nz/world/news/article.cfm?c_id=2&objectid=12323317, https://pbs.twimg.com/card_img/1293994832810188801/_N2jg75y?format=jpg&name=small, World
101,2020-04-08,"Covid-19 coronavirus: Chinese city's new start overshadowed by traumatic outbreak","The sun is shining as customers queue at a goose restaurant and landscapers tend to the flower beds of a nearby park.", https://www.nzherald.co.nz/world/news/article.cfm?c_id=2&objectid=12323472, https://www.nzherald.co.nz/resizer/3aPDKh0THivoPEOWlzy_vmWhKUg=/620x349/smart/filters:quality(70)/arc-anglerfish-syd-prod-nzme.s3.amazonaws.com/public/V2PW27XJNZELVNG62XJWEE3SQA.jpg, World
102,2020-04-09,"Covid 19 coronavirus: Licences, WoFs and regos extended under lockdown","All driver licences, WoFs, CoFs, and some vehicle certifications, that expired on or after January 1, 2020 will be valid for up to six months from April 10, 2020", https://www.nzherald.co.nz/nz/news/article.cfm?c_id=1&objectid=12323719, https://th.bing.com/th/id/OIP.0lCxLKfDnOyswQCF9rcv7AHaCz?w=344&h=132&c=7&o=5&pid=1.7, New Zealand
103,2020-04-09,"Covid 19 coronavirus: Road toll drops, police plead for drivers to stay home over long weekend","The number of people killed on New Zealand roads in the past two weeks has dropped 75 per cent compared to the same time last year.", https://www.nzherald.co.nz/nz/news/article.cfm?c_id=1&objectid=12323911, https://th.bing.com/th/id/OIP.0lCxLKfDnOyswQCF9rcv7AHaCz?w=344&h=132&c=7&o=5&pid=1.7, New Zealand
104,2020-04-09,"Covid 19 coronavirus: South Korea sue mum, daughter for travelling with symptoms","A mother and daughter, who visited South Korea's popular Jeju Island on holiday, could be sued after they failed to declare Covid-19 symptoms.", https://www.nzherald.co.nz/travel/news/article.cfm?c_id=7&objectid=12323682, https://www.nzherald.co.nz/resizer/nuzsa7L7H_PslIjiixDpFke-uPE=/620x349/smart/filters:quality(70)/arc-anglerfish-syd-prod-nzme.s3.amazonaws.com/public/KUNPBWB7LJDVVECZS4GLLOFHUQ.jpg , Travel
105,2020-04-09,"Covid 19 coronavirus: Nick Kyrgios digs deep during pandemic","Following his incredible generosity shown during the summer bushfires, tennis maverick Nick Kyrgios is once again using his profile to reach those in need during the global coronavirus pandemic.", https://www.nzherald.co.nz/sport/news/article.cfm?c_id=4&objectid=12323383, https://www.nzherald.co.nz/resizer/FK3MkqepsSrBr7Q5bgdzN-bwZ_o=/620x349/smart/filters:quality(70)/arc-anglerfish-syd-prod-nzme.s3.amazonaws.com/public/D5LNO2Q6U5B4BOGBSYAK7HPOGE.jpg, Sport
106,2020-04-09,"Covid-19 coronavirus: South Korea has smallest jump in cases since February","South Korea says it has reported 39 more cases of the coronavirus over the past 24 hours, in a continued slowdown of the virus outbreak in the Asian country.", https://www.nzherald.co.nz/world/news/article.cfm?c_id=2&objectid=12323891, https://www.nzherald.co.nz/resizer/NPQzGj2znKLMPAL6WyBMhSKEoP0=/620x410/smart/filters:quality(70)/arc-anglerfish-syd-prod-nzme.s3.amazonaws.com/public/Y4U3RQTKSRFIDNKUGTSKQ75USQ.jpg, World
107,2020-04-10,"Covid 19 coronavirus : Lufthansa flight makes low pass over Auckland as it takes Germans home","The German airline Lufthansa bid a fond farewell to New Zealand today with a low pass over Auckland as its A380 left Aotearoa to take German citizens back home.", https://www.nzherald.co.nz/travel/news/article.cfm?c_id=7&objectid=12322800, https://pbs.twimg.com/media/EVEfU4kVAAIW0We?format=jpg&name=360x360, Travel
108,2020-04-10,"Covid 19 coronavirus: BBC presenter praised for debunking myth in 'powerful' monologue","TV presenter Emily Maitlis has been praised for an ""extraordinary"" monologue in which she attacked a coronavirus ""myth"" that ""needs debunking"".", https://www.nzherald.co.nz/entertainment/news/article.cfm?c_id=1501119&objectid=12324096, https://www.nzherald.co.nz/resizer/cqbFz_W5cdayBA-aKVmt5ek68rc=/620x349/smart/filters:quality(70)/arc-anglerfish-syd-prod-nzme.s3.amazonaws.com/public/7UJQDVACOND33GYPRQTEK4T23Y.png, Entertainment
109,2020-04-10,"Covid 19 coronavirus: Paleo Pete Evans' $15k virus device mocked","Celebrity chef Pete Evans wants Australians to know that all they need to fight the deadly coronavirus is a $15,"000 frequency machine that uses ""harmonies ... found in nature"".", https://www.nzherald.co.nz/lifestyle/news/article.cfm?c_id=6&objectid=12324093, https://www.nzherald.co.nz/resizer/OEQO-Pvd6XP5-1p0UDFZNk30cTk=/620x349/smart/filters:quality(70)/arc-anglerfish-syd-prod-nzme.s3.amazonaws.com/public/RONB3TOOWBDPNKSUUVGJDZSFRI.jpg, Lifestyle
110,2020-04-11,"Covid 19 coronavirus: UFC 249 cancelled despite plans to keep fighting","UFC 249 has been cancelled and all future events postponed indefinitely because of coronavirus.", https://www.nzherald.co.nz/sport/news/article.cfm?c_id=4&objectid=12324169, https://th.bing.com/th/id/OIP.0lCxLKfDnOyswQCF9rcv7AHaCz?w=344&h=132&c=7&o=5&pid=1.7, Sport
111,2020-04-12,"Covid 19 coronavirus: Wellington 80-year-old's death linked to Bluff wedding cluster","A man in his 80s with Covid-19 who died in Wellington Hospital on Friday had a link to New Zealand's largest cluster of cases, a wedding reception held in Bluff.", https://www.nzherald.co.nz/nz/news/article.cfm?c_id=1&objectid=12324317, https://www.nzherald.co.nz/resizer/DXOdBqqxMAJ-7XM3gIcNYY7b7zw=/620x429/smart/filters:quality(70)/arc-anglerfish-syd-prod-nzme.s3.amazonaws.com/public/THW4ZDV44JHKNHFPSVYL3NRGOI.jpg, New Zealand
112,2020-04-13,"Covid 19 coronavirus: Expert warns of new outbreak if daycares opened too soon","A public health expert says childcare centres pose our greatest risk of another outbreak of coronavirus if they reopen after the lockdown without restrictions.", https://www.nzherald.co.nz/nz/news/article.cfm?c_id=1&objectid=12324334, https://www.nzherald.co.nz/resizer/RAErwr53X28aa9rcZyljmhUdxDw=/620x827/smart/filters:quality(70)/arc-anglerfish-syd-prod-nzme.s3.amazonaws.com/public/2PGVXCL7V5DFTJEX4VOTNQE2XE.jpg, New Zealand
113,2020-04-14,"Covid 19 coronavirus: Baby names inspired by pandemic","As peak boredom sets in, you might be looking for ways to pass the time.",https://www.nzherald.co.nz/lifestyle/news/article.cfm?c_id=6&objectid=12324587, https://www.nzherald.co.nz/resizer/JVgLW1EVMXcPCYFcilgcSM8aQU8=/620x349/smart/filters:quality(70)/arc-anglerfish-syd-prod-nzme.s3.amazonaws.com/public/THXNHNAPJZDYVJOGBI4CHYRDCM.jpg, Lifestyle
114,2020-04-14,"Covid 19 coronavirus: US police chief claims virus killed cop because he was gay","A police chief in the US state of Florida has been stood down after telling his staff that a fellow police officer only died from coronavirus because of his ""homosexual lifestyle"".", https://www.nzherald.co.nz/world/news/article.cfm?c_id=2&objectid=12324612, https://www.nzherald.co.nz/resizer/aV5enFbRu7EuKYBPX2Ar50KsxVc=/620x349/smart/filters:quality(70)/arc-anglerfish-syd-prod-nzme.s3.amazonaws.com/public/BE3ZOALJORBT3N43BOEO4KQ4B4.jpg, World
115,2020-04-14,"Covid 19 coronavirus: NZME asks staff to take 12-week pay cut; 200 jobs gone","NZME has requested all staff on a salary of more than $50,000 per year take a 15 per cent pay cut for 12 weeks.", https://www.nzherald.co.nz/business/news/article.cfm?c_id=3&objectid=12324543, https://th.bing.com/th/id/OIP.0lCxLKfDnOyswQCF9rcv7AHaCz?w=344&h=132&c=7&o=5&pid=1.7, Business
116,2020-04-14,"The Conversation: Why it's hard to stop spread of Covid-19 misinformation on social media","Even before the coronavirus arrived to turn life upside down and trigger a global infodemic, social media platforms were under growing pressure to curb the spread of misinformation.", https://www.nzherald.co.nz/opinion/news/article.cfm?c_id=466&objectid=12324577, https://pbs.twimg.com/card_img/1293229393054240774/5fPcbvoo?format=jpg&name=small, Opinion
117,2020-04-15,"Covid-19 coronavirus: Taliban movement touts its response to pandemic","The Taliban figures in the video are as carefully choreographed as in the militants' more usual propaganda films, but in this one they wear surgical masks and carry public health equipment rather than weapons.", https://www.nzherald.co.nz/world/news/article.cfm?c_id=2&objectid=12324956, https://pbs.twimg.com/card_img/1293923651998318593/UzEczawH?format=jpg&name=small, World
118,2020-04-15,"Covid 19 coronavirus: NZ's elimination strategy has united a nation. Can that unity outlast lockdown?","During a national emergency we discover how well, or poorly, a country is governed. But New Zealand's success so far in working towards eliminating COVID-19 isn't due just to leadership from the top. It's been a collective success, involving most ""ordinary"" Kiwis and unity across political divides.", https://www.nzherald.co.nz/nz/news/article.cfm?c_id=1&objectid=12325081, https://pbs.twimg.com/media/EVm3cFgUcAERRBr?format=jpg&name=small, New Zealand
119,2020-04-16,"Covid 19 coronavirus: Matthew McConaughey invents virus bounty hunter to teach the world how to make a mask","Matthew McConaughey has shared several great videos during the Covid-19 pandemic, and his latest might just be the best.", https://www.nzherald.co.nz/entertainment/news/article.cfm?c_id=1501119&objectid=12325166, https://www.nzherald.co.nz/resizer/ByHaKUWaP42AxS8eqq_d1cw-Uw8=/620x315/smart/filters:quality(70)/arc-anglerfish-syd-prod-nzme.s3.amazonaws.com/public/COEJLCADYRCZ3DORBYZTEK2EAI.png, Entertainment
120,2020-04-16,"Covid-19 coronavirus: Pregnant nurse,28, dies from infection - but her baby survives","A heavily pregnant nurse who tested positive for Covid-19 has died after doctors managed to save her baby.", https://www.nzherald.co.nz/world/news/article.cfm?c_id=2&objectid=12325097, https://pbs.twimg.com/card_img/1292211044539150347/WfgWqAIA?format=jpg&name=small, World
121,2020-04-16,"Covid-19 coronavirus: When the agency gave warning, some nations took notice","The World Health Organisation is easy to cast as just another lumbering United Nations bureaucracy and there is more than a bit of truth in that.", https://www.nzherald.co.nz/world/news/article.cfm?c_id=2&objectid=12325165, https://www.nzherald.co.nz/resizer/nXGdAU_iypHPwZ8uyvDwzQ-nygw=/620x349/smart/filters:quality(70)/arc-anglerfish-syd-prod-nzme.s3.amazonaws.com/public/EBHNNDY2DVHO3E4QUM3I5YFTCI.jpg, World
122,2020-04-16,"Covid-19 coronavirus: Germans asked to wear masks as part of first steps to normality","Germany is to ease its lockdown measures by allowing small, non-essential shops to reopen next week, Chancellor Angela Merkel announced.", https://www.nzherald.co.nz/world/news/article.cfm?c_id=2&objectid=12325288, https://www.nzherald.co.nz/resizer/M3nn-46yWh4iB1oC1ANdRGqqZDc=/620x412/smart/filters:quality(70)/arc-anglerfish-syd-prod-nzme.s3.amazonaws.com/public/ICSPFIBR7BHRXGCEWXQUKN5EZI.jpg , World
123,2020-04-17,"Covid 19 coronavirus: New Zealand's new hero (and it's not Ashley Bloomfield)","Director-General of Health Ashley Bloomfield has been in the limelight recently for his impressive efforts keeping New Zealand informed about Covid-19 — however, another hero has emerged.", https://www.nzherald.co.nz/nz/news/article.cfm?c_id=1&objectid=12325453, https://pbs.twimg.com/media/EVrfWq8VAAERrPw?format=jpg&name=small, New Zealand
124,2020-04-18,"Covid 19 coronavirus: School at level 3 won't be voluntary after all","Parents will be told when their children are going back to school, rather than being given a choice in whether to attend classes.", https://www.nzherald.co.nz/nz/news/article.cfm?c_id=1&objectid=12325693 , https://www.nzherald.co.nz/resizer/zLwfIMDN4I5s2JBxWVj0VbaS2OY=/620x413/smart/filters:quality(70)/arc-anglerfish-syd-prod-nzme.s3.amazonaws.com/public/2R6FDKZURNDEFONI54SCYM6JVI.jpg, New Zealand
125,2020-04-18,"Covid 19 coronavirus: Prince William and Kate reveal how royal family is staying in touch","The Duke and Duchess of Cambridge have opened up about how the royal family is coping with isolation during the pandemic.", https://www.nzherald.co.nz/lifestyle/news/article.cfm?c_id=6&objectid=12325763, https://www.nzherald.co.nz/resizer/zgsREhfp0kcWn6mDH-WC8HVaCUY=/620x349/smart/filters:quality(70)/arc-anglerfish-syd-prod-nzme.s3.amazonaws.com/public/GB2MDXB64REMNMWJHG6H2SJWSU.png, Lifestyle
126,2020-04-18,"Covid 19 coronavirus: London and New York residents urged to wear masks or face coverings","Residents in London and New York are being told to cover their faces with masks or other items of clothing to protect against coronavirus.", https://www.nzherald.co.nz/world/news/article.cfm?c_id=2&objectid=12325784, https://www.nzherald.co.nz/resizer/C-29GJknEuDCwVbA0nIf1p84Obk=/620x349/smart/filters:quality(70)/arc-anglerfish-syd-prod-nzme.s3.amazonaws.com/public/LQD5CYACSZDH5JGBE7GCBX2BQ4.jpg, World
127,2020-04-19,"Covid 19 coronavirus: Los Angeles fills skate park with sand to stop people using it","A skate park on the beachfront in LA has been filled with sand, to stop people ignoring social distancing rules from continuing to use it.", https://www.nzherald.co.nz/world/news/article.cfm?c_id=2&objectid=12325859, https://pbs.twimg.com/media/EV1Gn5BUEAENz1K?format=jpg&name=360x360, World
128,2020-04-21,"Covid 19 coronavirus: Parents name their baby 'Sanitiser'","The Covid-19 pandemic has impacted our lives dramatically.", https://www.nzherald.co.nz/lifestyle/news/article.cfm?c_id=6&objectid=12326443, https://www.nzherald.co.nz/resizer/Pac1ZTcqPHFPzQBPwmSMpLmwy0I=/620x349/smart/filters:quality(70)/arc-anglerfish-syd-prod-nzme.s3.amazonaws.com/public/WXYIBMS3UJGQ3EIUZET737BPVY.jpg, Lifestyle
129,2020-04-21,"The Conversation: Delight, relief and caution - six experts on our move to ease lockdown","New Zealand will begin easing its national lockdown from next Tuesday, but only after a five-day extension of some of the world's strictest Covid-19 restrictions.", https://www.nzherald.co.nz/nz/news/article.cfm?c_id=1&objectid=12326278, https://pbs.twimg.com/card_img/1293043148093104128/UgBZyS55?format=jpg&name=small, New Zealand
130,2020-04-21,"Covid-19 coronavirus: Georgia takes an aggressive approach to easing restrictions","Georgia's governor announced plans today to restart the state's economy before the end of the week, saying many businesses that closed to mitigate the spread of the coronavirus could reopen as early as Saturday NZT.", https://www.nzherald.co.nz/world/news/article.cfm?c_id=2&objectid=12326372, https://pbs.twimg.com/card_img/1291820968147468288/-3XVbk9e?format=jpg&name=small, World
131,2020-04-21,"Covid-19 coronavirus: Trump says governors play 'political game' with tests","A chorus of United States governors from both parties pushed back hard today after President Donald Trump accused Democrats of playing ""a very dangerous political game"" by insisting there is a shortage of tests for the coronavirus.",https://www.nzherald.co.nz/world/news/article.cfm?c_id=2&objectid=12326302, https://www.nzherald.co.nz/resizer/wYn-fmPJ6Svj3LIVaTAwR5i2eHo=/620x349/smart/filters:quality(70)/arc-anglerfish-syd-prod-nzme.s3.amazonaws.com/public/ZP3YB5AMIFGIBLJQJRSA45TR7E.jpg, World
132,2020-04-21,"Covid 19 coronavirus: New Zealand could pull off bold goal of eliminating virus","While most countries are working on ways to contain the coronavirus, New Zealand has set itself a much more ambitious goal: eliminating it altogether.", https://www.nzherald.co.nz/nz/news/article.cfm?c_id=1&objectid=12326437, https://www.nzherald.co.nz/resizer/ptgthGaq74ay1FSzQPclYDpLYhc=/620x372/smart/filters:quality(70)/arc-anglerfish-syd-prod-nzme.s3.amazonaws.com/public/6E43FGPBYVA3XP3ZXDOMQSSZYU.jpg, New Zealand
133,2020-04-22,"Covid 19 coronavirus: Pilot draws heart above Iceland hospitals","An Icelandair pilot has spread a message of positivity to the country's healthcare workers - by drawing a heart flight path in the sky above the capital, Reykjavik.", https://www.nzherald.co.nz/travel/news/article.cfm?c_id=7&objectid=12326594, https://www.nzherald.co.nz/resizer/UhR8odsdp1_K1sRquCTHIvL_KVc=/620x349/smart/filters:quality(70)/arc-anglerfish-syd-prod-nzme.s3.amazonaws.com/public/GJAV7Z3KIFFQ7G7RKJNXMKQT5I.png, Travel
134,2020-04-22,"Covid-19 coronavirus: Big unknowns complicate getting back to normal","Reopening economies are complicated by some troubling scientific questions about the new coronavirus that go beyond the logistics of whether enough tests are available.", https://www.nzherald.co.nz/world/news/article.cfm?c_id=2&objectid=12326629, https://pbs.twimg.com/media/EWKWbJ4WsAQ-4lV?format=jpg&name=small, World
135,2020-04-22,"Covid-19 coronavirus: Trump's messaging causes 'greater danger'","Michigan Governor Gretchen Whitmer said today that United States President Donald Trump's plan to suspend immigration is distracting from efforts to combat the coronavirus pandemic.", https://www.nzherald.co.nz/world/news/article.cfm?c_id=2&objectid=12326657, https://pbs.twimg.com/card_img/1293503010287620097/D1oVWzuS?format=jpg&name=small, World
136,2020-04-22,"Covid 19 Coronavirus: Are handheld UV sterilisers a con? Expert's verdict","Late yesterday, I tweeted a clip from Mevo, showing off a handheld UVC (ultraviolet C light) device it had bought to sterilise its rideshare cars in seconds.", https://www.nzherald.co.nz/business/news/article.cfm?c_id=3&objectid=12326672, https://www.nzherald.co.nz/resizer/2HjLNtp7F2QYpOlu6KAv_-COqdo=/620x449/smart/filters:quality(70)/arc-anglerfish-syd-prod-nzme.s3.amazonaws.com/public/HPR75TLFEJH2TAUKOZT7LMZV2M.jpg, Business
137,2020-04-23,"Covid 19 coronavirus: Officials relent - childcare playgrounds will be open after all","Government officials have reversed their position on banning children in childcare centres from using playground equipment in alert level 3 after industry complaints.", https://www.nzherald.co.nz/nz/news/article.cfm?c_id=1&objectid=12327107, https://www.nzherald.co.nz/resizer/DHxS04Dxi6ttKePrlXdIfqGiBy0=/620x930/smart/filters:quality(70)/arc-anglerfish-syd-prod-nzme.s3.amazonaws.com/public/OKGYMR2V55EVRHJHY7NHNDKLM4.jpg, New Zealand
138,2020-04-23,"Covid 19 coronavirus: Mystery repatriation flight lands in Dunedin from Cambodia","Amid the global Covid-19 pandemic, what appears to be a repatriation flight arrived in Dunedin from Cambodia yesterday afternoon.", https://www.nzherald.co.nz/nz/news/article.cfm?c_id=1&objectid=12326853, https://www.nzherald.co.nz/resizer/yCbtJ4bAlmZAxt_50OtINfUqI2Y=/620x169/smart/filters:quality(70)/arc-anglerfish-syd-prod-nzme.s3.amazonaws.com/public/PVNKU46ONBB5DIBUT4T6TRWU2M.jpg, New Zealand
139,2020-04-23,"Former PM John Key praises Christopher Luxon as National leader Simon Bridges faces backlash","Former Prime Minister John Key has praised National Party candidate Christopher Luxon," in a video released hours after party leader Simon Bridges was accused of ""politicising"" the lockdown.", https://www.nzherald.co.nz/nz/news/article.cfm?c_id=1&objectid=12326839, https://th.bing.com/th/id/OIP.0lCxLKfDnOyswQCF9rcv7AHaCz?w=344&h=132&c=7&o=5&pid=1.7, New Zealand
140,2020-04-23,"Covid-19 coronavirus: Dogs could be used at airports to detect infection","Sniffer dogs could be trained to screen airport passengers arriving in Britain, experts have said.", https://www.nzherald.co.nz/world/news/article.cfm?c_id=2&objectid=12327079, https://th.bing.com/th/id/OIP.0lCxLKfDnOyswQCF9rcv7AHaCz?w=344&h=132&c=7&o=5&pid=1.7, World
141,2020-04-24,"Covid 19 coronavirus: Preventable drownings up, but surf life saving rescues down","New Zealand drowning numbers might be up, but cooler ocean temperatures and the Covid-19 lockdown also led to a 20 per cent drop in rescues this season, Surf Life Saving NZ says.", https://www.nzherald.co.nz/nz/news/article.cfm?c_id=1&objectid=12327369, https://www.nzherald.co.nz/resizer/ovPfochDdwDfnX1AhMvTbzyCNVU=/620x394/smart/filters:quality(70)/arc-anglerfish-syd-prod-nzme.s3.amazonaws.com/public/VIO4SSPSXBDOLCXIXZ6RTVW2AI.jpg, New Zealand
142,2020-04-25,"NZ Defence Force personnel navigate Anzac Day 2020 in a world isolated by Covid-19","I've been ​deployed to Observer Group Lebanon for three months so far. My role is that of a United Nations Military Observer (UNMO).", https://www.nzherald.co.nz/nz/news/article.cfm?c_id=1&objectid=12327185, https://www.nzherald.co.nz/resizer/p3vb5DvB9uSbtEMJE1pKDa3xXoY=/620x465/smart/filters:quality(70)/arc-anglerfish-syd-prod-nzme.s3.amazonaws.com/public/2BHDV2XMI5ASHHQL47PMJDWAG4.jpg, New Zealand
143,2020-04-25,"Coronavirus: Repatriation flights blocked by local action in Ecuador","Protest and local government action is stopping flights from landing at one of Ecuador's busiest airports.", https://www.nzherald.co.nz/travel/news/article.cfm?c_id=7&objectid=12319761, https://www.nzherald.co.nz/resizer/9J_VjlN2_o-ApDTVENCWu7QbDT0=/620x349/smart/filters:quality(70)/arc-anglerfish-syd-prod-nzme.s3.amazonaws.com/public/DHFXT2QSZVFX3PIMMAIEF63CDE.jpg, Travel
144,2020-04-25,"Coronavirus Covid-19: Duke and Duchess of Cambridge clap for health workers with George, Charlotte and Louis","William and Kate have stepped out with their three children to show their support for frontline health workers.", https://www.nzherald.co.nz/lifestyle/news/article.cfm?c_id=6&objectid=12327506, https://www.nzherald.co.nz/resizer/um0wiesQvIL0EoF919IAC1Fap5A=/620x349/smart/filters:quality(70)/arc-anglerfish-syd-prod-nzme.s3.amazonaws.com/public/XTBZX3CI6JEV3KVJ53LYUHDPVE.jpg, Lifestyle
145,2020-04-26,"Covid 19 coronavirus: CNN host Anderson Cooper breaks down speaking to virus widow","CNN TV presenter Anderson Cooper spoke to Katie Coelho yesterday about her husband who had recently died from coronavirus.", https://www.nzherald.co.nz/entertainment/news/article.cfm?c_id=1501119&objectid=12327675, https://www.nzherald.co.nz/resizer/siu2iMMWrc91z6MHg_0NQFDKesM=/620x349/smart/filters:quality(70)/arc-anglerfish-syd-prod-nzme.s3.amazonaws.com/public/NQNFUOR7QRDC7CVA7RIOKRWWXY.png, Entertainment
146,2020-04-26,"Covid 19 coronavirus Level 3 childcare rules: Sandpits closed, parents told to wait in cars","Sandpits will stay closed when most childcare centres and schools reopen this week.", https://www.nzherald.co.nz/nz/news/article.cfm?c_id=1&objectid=12327576, https://www.nzherald.co.nz/resizer/6vZaqPSaxvaO00y09vXT90FrT5M=/620x349/smart/filters:quality(70)/arc-anglerfish-syd-prod-nzme.s3.amazonaws.com/public/NI7VVKNPEVHFBGXTEU2NAZKFEQ.jpg, New Zealand
147,2020-04-26,"Calls to poison hotlines increase after Donald Trump's disinfectant comments","Two days after US president Donald Trump suggested the possibility of injecting disinfectant to fight the Covid-19 virus, Maryland's outbreak hotline has received more than 100 calls regarding bleach as a cure, while poisonings from household cleaners have doubled in New York.", https://www.nzherald.co.nz/world/news/article.cfm?c_id=2&objectid=12327681, https://www.nzherald.co.nz/resizer/uomqLGvVYOteLT9JAs3NEn_LIfc=/620x349/smart/filters:quality(70)/arc-anglerfish-syd-prod-nzme.s3.amazonaws.com/public/BSJ6CABQTJHGLIZCCWDLAEIC7E.jpg, World
148,2020-04-27,"Covid 19: Donald Trump cancels coronavirus briefings, says they're 'not worth the effort'","President Donald Trump on Saturday cancelled his near-nightly Covid-19 press conference, instead tweeting that the briefings are ""not worth the time and effort"".", https://www.nzherald.co.nz/world/news/article.cfm?c_id=2&objectid=12327740, https://www.nzherald.co.nz/resizer/qr7iircFhdadwvwK8BLSF9NW3pA=/620x349/smart/filters:quality(70)/arc-anglerfish-syd-prod-nzme.s3.amazonaws.com/public/KDAKVGB2H5C2VKNABVBO3EIFYE.jpeg, World
149,2020-04-27,"Covid 19 coronavirus: Contact tracing system still in development as full lockdown ends","The public health system is now said to be operating the promised ""gold standard"" contact tracing and testing system promised a week ago, even though key elements of it remain in development.", https://www.nzherald.co.nz/business/news/article.cfm?c_id=3&objectid=12327805, https://th.bing.com/th/id/OIP.0lCxLKfDnOyswQCF9rcv7AHaCz?w=344&h=132&c=7&o=5&pid=1.7, Business
150,2020-04-28,"Covid 19 coronavirus: Bob Scott Retirement Village residents unite despite social distancing","Residents of the Bob Scott Retirement Village, in Lower Hutt, have shown how you don't need to stop socialising, even if you have to do it from afar.", https://www.nzherald.co.nz/nz/news/article.cfm?c_id=1&objectid=12320591, https://www.nzherald.co.nz/resizer/XniJ-ddySIv7jLFBr7ACWhwggvQ=/620x349/smart/filters:quality(70)/arc-anglerfish-syd-prod-nzme.s3.amazonaws.com/public/W5TAYFB52ZFD7P7PSQJ2LFZFSE.png, New Zealand
151,2020-04-28,"Surfing under Lever3","Surfers in Whanganui finally got back onto the water at the North Mole after New Zealand moved into Level 3 due to the lockdown and the Covid-19 coronavirus.", https://www.nzherald.co.nz/nz/photos/news/image.cfm?c_id=1&gal_cid=1&gallery_id=219564, https://www.nzherald.co.nz/resizer/sXO3JojxSgVMvtTJMKJzN4nOIhQ=/940x529/smart/filters:quality(70)/arc-anglerfish-syd-prod-nzme.s3.amazonaws.com/public/B3YO7IZPEZGZZNXQYEDRAPYRVM.jpg, New Zealand
152,2020-04-28,"Covid-19 coronavirus: Demand for pulse oximeters to soar despite doubts over usefulness","British healthcare manufacturers are preparing for a rush of people looking to get hold of a £20 ($41) device that might help to identify the early signs of coronavirus.", https://www.nzherald.co.nz/world/news/article.cfm?c_id=2&objectid=12328019, https://www.nzherald.co.nz/resizer/gYqR5PjZ1WoSKiPoc_kYkMUv4gI=/620x349/smart/filters:quality(70)/arc-anglerfish-syd-prod-nzme.s3.amazonaws.com/public/VB2CCDDR6RFXFCX37XD5Z3NEIE.jpg, World
153,2020-04-28,"Covid 19 coronavirus: Couple kept apart by border restrictions","Iranian woman Mersedeh Shabanzadeh turns 33 today and had planned to celebrate her birthday with her husband in New Zealand.", https://www.nzherald.co.nz/nz/news/article.cfm?c_id=1&objectid=12327915, https://www.nzherald.co.nz/resizer/xnDbj4AARDuSrZ85ef9O1QRDPHs=/620x349/smart/filters:quality(70)/arc-anglerfish-syd-prod-nzme.s3.amazonaws.com/public/EC2476FWFNDJBCDM5CI5MQNZHM.jpg, New Zealand
154,2020-04-28,"Covid 19 coronavirus: Donald Trump takes no responsibility after spike in disinfectant calls","Calls to poison control and emergency hotlines in a number of US have spiked in the days since President Donald Trump mused about injecting disinfectant into the body to wipe out Covid-19.", https://www.nzherald.co.nz/world/news/article.cfm?c_id=2&objectid=12328094, https://www.nzherald.co.nz/resizer/z89uTMElxlhWB-lmVZCmcGnK0PU=/620x349/smart/filters:quality(70)/arc-anglerfish-syd-prod-nzme.s3.amazonaws.com/public/EUPVXZU4SFDABHTYQXPJPRNW2Y.jpg, World
155,2020-04-28,"Covid-19 coronavirus: Closure of some bars signals move to toughen rules on distancing","Stockholm authorities have ordered five pubs and restaurants to close for breaking social distancing rules, in the first sign of a stricter approach to coronavirus control in Sweden.", https://www.nzherald.co.nz/world/news/article.cfm?c_id=2&objectid=12327996, https://pbs.twimg.com/media/EWpwq8OXYAchvAQ?format=png&name=small, World
156,2020-04-29,"Covid-19 coronavirus: US moves closer to testing international air travellers","United States President Donald Trump said his Administration is considering requiring travellers on certain incoming international flights to undergo temperature and virus checks to help stop the spread of the coronavirus.",https://www.nzherald.co.nz/world/news/article.cfm?c_id=2&objectid=12328187, https://pbs.twimg.com/media/EWuTSWYWAAA4yKb?format=jpg&name=small, World
157,2020-04-29,"Covid-19 coronavirus: San Francisco's HIV experience may have saved lives now","With just over three minutes left on the clock, Kansas City Chiefs' 27-year-old running back Damien Williams scored a highly contested touchdown to put his team in the lead over the San Francisco 49ers in February's Super Bowl.", https://www.nzherald.co.nz/world/news/article.cfm?c_id=2&objectid=12328312, https://www.nzherald.co.nz/resizer/NYVt0RuHTg0AXZ1j9KqBtdkyLQg=/620x419/smart/filters:quality(70)/arc-anglerfish-syd-prod-nzme.s3.amazonaws.com/public/KEZ4CF62WZCZZDEFOQN44AHOBM.jpg, World
158,2020-04-29,"Covid-19 coronavirus: China lashes out at Australian PM as diplomatic tensions escalate","China has lashed out at Scott Morrison as deserving 'a slap in the face' for trying to blame the Covid-19 pandemic on the communist state, warning any push for an independent inquiry into the virus' origins will spark a travel and trade boycott.", https://www.nzherald.co.nz/world/news/article.cfm?c_id=2&objectid=12328229, https://pbs.twimg.com/card_img/1293314137980678145/GpgR1UQo?format=jpg&name=small, World
159,2020-04-29,"Covid-19 coronavirus: Riots in crisis-hit Lebanon reflect growing poverty, despair","Hundreds of protesters in Lebanon's northern city of Tripoli set fire today to two banks and hurled stones at soldiers who responded with tear gas and batons in renewed clashes triggered by an economic crisis spiraling out of control amid a weeks-long virus lockdown.", https://www.nzherald.co.nz/world/news/article.cfm?c_id=2&objectid=12328136, https://www.nzherald.co.nz/resizer/vg4YMNdXensm-_T9soqROobxpJc=/620x349/smart/filters:quality(70)/arc-anglerfish-syd-prod-nzme.s3.amazonaws.com/public/CPUHDXP26ZEFNHBN6RHMLQXSMQ.jpg, World
160,2020-04-29,"Coronavirus: First death in New Zealand from Covid-19","Dr Ashley Bloomfield and Prime Minister Jacinda Ardern have confirmed a person has died with Covid-19 in New Zealand.", https://www.rnz.co.nz/news/national/412864/coronavirus-first-death-in-new-zealand-from-covid-19, https://th.bing.com/th/id/OIP.0lCxLKfDnOyswQCF9rcv7AHaCz?w=344&h=132&c=7&o=5&pid=1.7, New Zealand
161,2020-04-30,"Rugby league: New Zealand Warriors still hopeful of NRL restart - but big issues still need to be solved","The Warriors still hope to leave for Australia this Sunday, despite the ongoing uncertainty over the proposed NRL restart on May 28.",'https://www.nzherald.co.nz/sport/news/article.cfm?c_id=4&objectid=12328740, https://www.nzherald.co.nz/resizer/hmFnUXn7ckoPlm0My2Ht-N6xqx0=/620x413/smart/filters:quality(70)/arc-anglerfish-syd-prod-nzme.s3.amazonaws.com/public/FX24FPDXOJEILH77ENOXLPJNP4.jpg, Sport
162,2020-04-30,"Coronavirus Covid-19: Charmed star Holly Marie Combs slams President Donald Trump over grandfather's death","Actress Holly Marie Combs has hit out at US President Donald Trump as she grieves her grandfather's death from coronavirus complications.", https://www.nzherald.co.nz/entertainment/news/article.cfm?c_id=1501119&objectid=12328654, https://www.nzherald.co.nz/resizer/-3xDq1bmiVcVu2YWC1ef0aLzajA=/620x349/smart/filters:quality(70)/arc-anglerfish-syd-prod-nzme.s3.amazonaws.com/public/V2XDVPXVB5GHZFH6R3SQQY6IKU.jpg, Entertainment
163,2020-04-30,"Covid-19 coronavirus: Musk tweets 'Free America Now' as lockdowns halt Tesla production","Tesla boss Elon Musk has criticised the coronavirus lockdowns and suggested that restrictions should be lifted, tweeting a call to ""Free America now"".", https://www.nzherald.co.nz/world/news/article.cfm?c_id=2&objectid=12328501, https://pbs.twimg.com/card_img/1293615865276096514/hHaf5h3z?format=jpg&name=small, World
164,2020-04-30,"Covid-19 coronavirus: Obese people hospitalised 40 per cent more likely to die, study finds","Obese people hospitalised with coronavirus are almost 40 per cent more likely to die than slimmer patients, the first major study of such cases in Britain has found.", https://www.nzherald.co.nz/world/news/article.cfm?c_id=2&objectid=12328486, https://pbs.twimg.com/media/EWzbK3_WsAASuM_?format=jpg&name=small, World
165,2020-04-30,"Covid19 coronavirus: Global cases hit 3.1 million, death toll at 60,000 in US,26,000 in UK","More than 26,000 people have died from coronavirus in the United Kingdom, National Health Service figures show - a jump of almost a fifth on previous reports.", https://www.nzherald.co.nz/world/news/article.cfm?c_id=2&objectid=12328428, https://th.bing.com/th/id/OIP.0lCxLKfDnOyswQCF9rcv7AHaCz?w=344&h=132&c=7&o=5&pid=1.7, World
166,2020-05-01,"Covid 19 coronavirus: Virus was 'not man-made' - US Intelligence confirms","The US intelligence community has concluded that the novel coronavirus gripping the globe originated in China but was not man-made or engineered.", https://www.nzherald.co.nz/world/news/article.cfm?c_id=2&objectid=12328811, https://pbs.twimg.com/media/EW29ViHWsAElXPm?format=jpg&name=small, World
167,2020-05-04,"Covid 19 coronavirus: Piers Morgan tested for virus after feeling unwell","Controversial British journalist Piers Morgan is taking time off from hosting his breakfast show while he waits for the results of a coronavirus test.", https://www.nzherald.co.nz/entertainment/news/article.cfm?c_id=1501119&objectid=12329277, https://www.nzherald.co.nz/resizer/mcB--RrNFCY_zCAKGcFgRhXJVGI=/620x414/smart/filters:quality(70)/arc-anglerfish-syd-prod-nzme.s3.amazonaws.com/public/6UOU72G565GSROINUHYZU47J6E.jpg, Entertainment
168,2020-05-05,"Covid 19 coronavirus: Virus-afflicted 2020 looks like 1918 despite science's march","Despite a century's progress in science, 2020 is looking a lot like 1918", https://www.nzherald.co.nz/world/news/article.cfm?c_id=2&objectid=12329811, https://www.nzherald.co.nz/resizer/IuOeJktqC8qcin2kvH-NT2pEZ00=/620x409/smart/filters:quality(70)/arc-anglerfish-syd-prod-nzme.s3.amazonaws.com/public/4TPHOY4CO5C5LILCRCU2YBCPP4.jpeg, World
169,2020-05-05,"Covid 19 coronavirus: 'No distancing' at Waitakere Hospital where nurses infected says visitor","A visitor to a hospital ward where Covid-19 patients were treated by nurses who became infected themselves says the lack of physical distancing between staff was surprising.", https://www.nzherald.co.nz/nz/news/article.cfm?c_id=1&objectid=12329735, https://www.nzherald.co.nz/resizer/Tl2T3Cffd7krG79eiplgX352xNE=/350x197/smart/filters:quality(70)/media.nzherald.co.nz/webcontent/image/jpg/202020/A_18042020NZHSWresthome03_master.jpg, New Zealand
170,2020-05-06,"Covid 19 coronavirus: Ashley Bloomfield and other health experts face questions from MPs","There were tears and a flood of emotions at the Epidemic Response Committee this morning, as members of the public shared their heartbreaking stories of suffering during lockdown.", https://www.nzherald.co.nz/nz/news/article.cfm?c_id=1&objectid=12329880, https://www.nzherald.co.nz/resizer/Hg7QxlPDUQs5U6lvFu6a_2KB52s=/620x413/smart/filters:quality(70)/arc-anglerfish-syd-prod-nzme.s3.amazonaws.com/public/7LT34TEA2RHHDOXX5WPF3QO5TU.jpg, New Zealand
171,2020-05-06,"Hastings set to lead the way for NZ's real estate market post Covid-19","Experts say Hastings' housing market could lead the way for a regional NZ real estate bounce back after the Covid-19 pandemic.",'https://www.nzherald.co.nz/business/news/article.cfm?c_id=3&objectid=12329690 , https://www.nzherald.co.nz/resizer/NNSWXT8BGBFNkiGqao5M3as3TrQ=/620x413/smart/filters:quality(70)/arc-anglerfish-syd-prod-nzme.s3.amazonaws.com/public/27KQZLQTYBAMBAWAZBAXJVQDYU.jpg, Business
172,2020-05-06,"Covid-19 coronavirus: Suspended, disqualified drivers may have to wait till level 2 for licence to be reinstated","Motorists whose suspension or disqualification from driving ended during the Covid-19 lockdown may have to wait till the country goes down to level 2 to get their licence reinstated.", https://www.nzherald.co.nz/nz/news/article.cfm?c_id=1&objectid=12330087, https://th.bing.com/th/id/OIP.0lCxLKfDnOyswQCF9rcv7AHaCz?w=344&h=132&c=7&o=5&pid=1.7, New Zealand
173,2020-05-06,"Covid 19 coronavirus: 309 tourism jobs slashed at Ngāi Tahu","The number of employees at Ngāi Tahu will be slashed by 309.", https://www.nzherald.co.nz/nz/news/article.cfm?c_id=1&objectid=12330062, https://th.bing.com/th/id/OIP.0lCxLKfDnOyswQCF9rcv7AHaCz?w=344&h=132&c=7&o=5&pid=1.7, New Zealand
174,2020-05-07,"Covid 19 coronavirus: What you need to know about Thursday's big developments","The Government has revealed what life will be like for New Zealanders at alert level 2, as confidence grows that the country is on track for the move next week. Get all the important news and read the full stories in the links below.", https://www.nzherald.co.nz/nz/news/article.cfm?c_id=1&objectid=12330366, https://www.nzherald.co.nz/resizer/XMgRpmc_zq4YMlNqOVh4nKzePaE=/620x459/smart/filters:quality(70)/arc-anglerfish-syd-prod-nzme.s3.amazonaws.com/public/N5SY47R3UBDTHCEACIZBDSN7CY.jpg, New Zealand
175,2020-05-07,"Covid 19 coronavirus: What will real estate look like at level 2?","Looking to buy or sell real estate at level 2? Prepare for physical distancing, contact tracing and lots of cleaning.", https://www.nzherald.co.nz/business/news/article.cfm?c_id=3&objectid=12330401, https://th.bing.com/th/id/OIP.0lCxLKfDnOyswQCF9rcv7AHaCz?w=344&h=132&c=7&o=5&pid=1.7, New Zealand
176,2020-05-07,"Covid-19 coronavirus: Most universities won't reopen until July","Most universities will still not reopen until July even though the Government says they can start again from the Monday after the country moves down to alert level 2.", https://www.nzherald.co.nz/nz/news/article.cfm?c_id=1&objectid=12330412, https://www.nzherald.co.nz/resizer/_VXuxRFRCtgr0Cm4sHo4KGyIUKo=/620x349/smart/filters:quality(70)/arc-anglerfish-syd-prod-nzme.s3.amazonaws.com/public/6J3DDDPQX5GRVGOZQWI66YHHTA.jpg, New Zealand
177,2020-05-07,"Covid 19 coronavirus: Kiwi mum on the heartbreak of losing her baby in lockdown","A Tauranga mum, who asked not to be identified, says she wishes there had been different protocols to allow her family to meet and grieve the loss of one of their own.", https://www.nzherald.co.nz/nz/news/article.cfm?c_id=1&objectid=12330424, https://th.bing.com/th/id/OIP.0lCxLKfDnOyswQCF9rcv7AHaCz?w=344&h=132&c=7&o=5&pid=1.7, New Zealand